company,total_layoffs,impacted_workforce_percentage,reported_date,industry,headquarter_location,sources,status,additional_notes
C2FO,20,2,12/9/22,"Fintech, payments","Leawood, KS",Kansas City Business Journal,Private,
VideoAmp,,2,9/19/22,Advertising platforms,Los Angeles,Company memo,Private,
Amperity,13,3,8/20/22,"Saas, analytics",Seattle,Geekwire,Private,
Addepar,20,3,1/18/23,"fintech, data analytics","Mountain View, CA",Fortune,Private,
Thirty Madison,24,3,5/13/22,Health Care,New York,Axios,Private,"Per Axios, 22 of the employees laid off were from Thirty Madison, and two were from new parent company Nurx. Layoffs affected around 3% of employees."
NextRoll,,3,7/8/22,Marketing Tech,San Francisco,Business Insider,Private,
Armis Security,25,4,12/8/22,Cybersecurity,San Francisco,Calcalistech,Private,
Foxtrot,26,4,9/23/22,"food and beverage, e-commerce",Chicago,Chicago Business,Private,
Headspace Health,50,4,12/14/22,"telehealth, wellness",Los Angeles,Bloomberg,Private,
RealSelf,11,5,7/21/22,Beauty tech,Seattle,GeekWire,Private,
New Relic,110,5,8/18/22,"productivity, enterprise software","Bay Area, CA",MarketWatch,Private,
Abra,12,5,6/30/22,Crypto,Mountain View,The Block,Private,
Clarify Health,15,5,7/22/22,Health Care,San Francisco,Axios,Private,
Argo AI,150,5,7/7/22,Transportation,Pittsburgh,TechCrunch,Private,
Snyk,220,5,10/24/22,Cybersecurity,Boston,Globes,Private,
JOKR,50,5,6/16/22,"Food delivery, ecommerce",New York,TechCrunch,Private,
Project44,63,5,7/15/22,Logistics,Chicago,FreightWaves,Private,
Reef,750,5,5/6/22,"Food delivery, ecommerce",Miami,The Information,Private,
Outreach,,5,8/2/22,Sales Tech,Seattle,LinkedIn,Private,
Boosted Commerce,,5,7/25/22,E-commerce,Los Angeles,Business Insider,Private,
Forward,,5,7/11/22,Health Care,San Francisco,Fierce Healthcare,Private,
CoinDCX,100,6,1/11/23,"Blockchain, cryptocurrency","Mumbai, India",Biometric Update,Private,
Food52,20,6,4/8/22,"Media, E-commerce",New York,Digiday,Private,
Motive,237,6,12/7/22,"enterprise software, productivity",San Francisco,Motive,Private,
Canoo,58,6,7/1/22,Transportation,"Torrance, California",Business Insider,Private,
Wonder,130,7,11/30/22,"Food delivery, ecommerce",New York,The Information,Private,
Argyle,20,7,8/26/22,InsurTech,New York,TechCrunch,Private,
Kabam,35,7,11/9/22,video games,San Francisco,TechCrunch,Private,
Upstart,60,7,11/1/22,Fintech,"San Carlos, CA",TechCrunch,Private,
Gemini,68,7,7/18/22,Crypto,New York,TechCrunch,Private,
Faire,84,7,11/3/22,"E-commerce, retail",San Francisco,The Information,Private,
Convoy,90,7,6/9/22,Logistics,Seattle,GeekWire,Private,
DataRobot,,7,8/8/22,Artificial Intelligence,Boston,Boston Globe,Private,
ShipBob,,7,8/25/22,"Shipping, Logistics",Chicago,Business Insider,Private,
ClickUp,,7,5/24/22,Productivity Tools,San Diego,Protocol,Private,
Innovaccer,120,8,9/1/22,"Cloud Infrastructure, health care",San Francisco,Inc42,Private,
StockX,120,8,6/28/22,E-commerce,Detroit,The Information,Private,
Albert,20,8,6/10/22,FinTech,Los Angeles,dot.LA,Private,
Personetics,30,8,1/5/23,"Fintech, analytics",New York,Calcalistech,Private,
Bright Machines,30,8,6/28/22,Robotics,San Francisco,CTech,Private,
Stash Financial,32,8,12/6/22,"fintech, personal finance",New York,Stash,Private,
Dutchie,56,8,6/6/22,Cannabis,"Bend, Oregon",GeekWire,Private,
Stord,59,8,6/3/22,Logistics,Atlanta,Business Insider,Private,
Niantic,85,8,6/29/22,"Video Games, AR",San Francisco,Bloomberg,Private,
Picsart,90,8,5/17/22,Media/entertainment,Miami,The Information,Private,
Jellysmack,,8,6/9/22,Media/Entertainment,New York,Business Insider,Private,
Remote,100,9,7/6/22,HR Tech,San Francisco,Publico,Private,
Vox Media,169,9,1/20/23,"Digital media, journalism","Washington, DC",CNN,Private,
Yotpo,70,9,11/16/22,"marketing, media",New York,Calcalistech,Private,
Aura,70,9,6/24/22,Cybersecurity,Boston,Bank Info Security,Private,
Komodo Health,78,9,12/13/22,"Health care, predictive analytics",San Francisco,TechCrunch,Private,
Jellyfish US,,9,1/13/23,"engineering, software",Boston,BostonInno,Private,
Khoros,120,10,10/21/22,"SaaS, enterprise software",Austin,Austin Business News,Private,
Bonterra,140,10,1/13/23,"social impact, finance",Distributed,The Nonprofit Times,Private,
Chargebee,142,10,11/2/22,"Fintech, SaaS",San Francisco,TechCrunch,Private,
6sense,150,10,10/12/22,"Artificial Intelligence, Machine Learning",San Francisco,MoneyControl,Private,
Relativity,150,10,12/7/22,"Data science, enterprise",Chicago,Crain's Chicago,Private,
TIFIN,21,10,6/14/22,FinTech,Boulder,Axios,Private,
Lusha,30,10,7/18/22,Sales tech,New York,CTech,Private,
Aqua Security,65,10,12/5/22,"SecOps, security","Burlington, MA",Calcalistech,Private,
Spin,78,10,9/30/22,Transportation,San Francisco,TechCrunch,Private,
Verbit,80,10,7/5/22,Natural Language Processing,New York,CTech,Private,
ZenLedger,,10,12/9/22,"Blockchain, cryptocurrency","Bellevue, WA",Blockworks,Private,
Firework,,10,11/29/22,"e-commerce, retail",San Francisco,The Information,Private,
Mythical Games,,10,11/4/22,"Video games, blockchain",Los Angeles,Bloomberg,Private,
Apartment List,,10,8/31/22,Proptech,San Francisco,CEO Matthew Woods,Private,
impact.com,,10,8/25/22,Digital marketing,"Santa Barbara, CA",impact.com,Private,
80 Acres Farms,,10,1/18/23,"indoor farming, agtech","Hamilton, OH",CincinnatiInno,Private,
98point6,,10,7/21/22,Health Care,Seattle,GeekWire,Private,
Gemini,,10,6/2/22,"Fintech, Crypto",New York,Bloomberg,Private,
Side,,10,6/1/22,PropTech,San Francisco,Inman,Private,
Carta,200,10,1/11/23,Fintech,San Francisco,TechCrunch,Private,
ConsenSys,100,11,1/10/23,"Cryptocurrency, FinTech",New York,CoinDesk,Private,
Tipalti,123,11,1/11/23,FinTech,San Mateo,Calcalistech,Private,
Brex,136,11,10/11/22,Fintech,San Francisco,TechCrunch,Private,
Salsify,90,11,11/16/22,"Cloud computing, e-commerce",Boston,Boston Business Journal,Private,
SADA,,11,11/8/22,"Cloud computing, IT",Los Angeles,SADA CEO,Private,
Momentive,,11,10/14/22,information technology,"Waterford, MI",TechCrunch,Private,
Automox,,11,4/18/22,Security,Boulder,LinkedIn,Private,
Klarna,750,12,9/22/22,Fintech,Stockholm,Sifted,Private,
JumpCloud,100,12,1/18/23,"Cloud services, cybersecurity","Louisville, CO",JumpCloud,Private,
Chime,156,12,11/2/22,Fintech,San Francisco,The Information,Private,
Embroker,30,12,10/25/22,InsurTech,San Francisco,The Insurer,Private,
Divvy Homes,40,12,9/27/22,PropTech,San Franicsco,The Information,Private,
Ethos Life,40,12,6/24/22,InsurTech,San Francisco,Coverager,Private,
GoFundMe,94,12,10/26/22,Crowdfunding,"Redwood City, CA",GoFundMe,Private,
Digital Currency Group,10,13,11/2/22,Cryptocurrency,"Stamford, CT",Coindesk,Private,
Intercom,124,13,11/14/22,"customer service, automation",San Franicsco,Silicon Republic,Private,
SundaySky,24,13,7/11/22,Video Conferencing Software,New York,Globes,Private,"Layoffs affect employees in the U.S., Israel, and Japan. Layoffs affected around 13% of employees."
Chipper Cash,50,13,12/6/22,"fintech, money transfer",San Francisco,TechCrunch,Private,
Udacity,55,13,10/11/22,"edtech, artificial intelligence","Mountain View, CA",Udacity,Private,
Sourcepoint,7,13,6/2/22,"Privacy Tech, Marketing Tech",New York,Crunchbase News reporting,Private,Company did not respond to a request to confirm details of layoffs. Layoffs affected around 13% of employees.
Thirty Madison,,13,8/18/22,"health care, wellness",Greater New York area,Fierce Healthcare,Private,
Sendoso,100,14,6/6/22,Marketing Automation,San Francisco,Business Insider,Private,
Malwarebytes,125,14,8/17/22,"security, enterprise software",San Francisco,TechCrunch,Private,
Substack,13,14,6/29/22,"Media, Content Creators",San Francisco,New York Times,Private,
Morning Brew,,14,11/17/22,"Media, news",New York,Max Tani,Private,
Benitago Group,,14,11/4/22,"e-commerce, retail",New York,TechCrunch,Private,
Juniper Square,,14,9/6/22,Proptech,San Francisco,The Real Deal,Private,
Nayya,16,15,6/17/22,"Employee Benefits, HR Tech",New York,Crunchbase News reporting,Private,
Verily,250,15,1/11/23,"health care, data collection",San Francisco,The Information,Private,
CyCognito,30,15,12/8/22,Cybersecurity,Palo Alto,Calcalistech,Private,
Zumper,45,15,6/16/22,PropTech,San Francisco,The Real Deal,Private,
Polly,47,15,12/2/22,"Insurtech, fintech","Williston, VT",VT Digger,Private,
Woven,5,15,8/16/22,"Artificial intelligence, recruiting",Indianapolis,AdAge,Private,
The Mom Project,54,15,7/20/22,Talent marketplace,Chicago,LinkedIn,Private,
SonderMind,,15,12/16/22,telehealth,Denver,Denver Business Journal,Private,
Apollo,,15,12/15/22,"developer APIs, enterprise software",San Francisco,Apollo,Private,
Code42,,15,11/7/22,"Cybersecurity, enterprise software",Minneapolis,Star Tribune,Private,
Flowhub,,15,9/9/22,Cannabis,Dever,Business Insider,Private,
Daily Harvest,,15,8/8/22,"Food delivery, ecommerce",New York City,Fortune,Private,
Rock Content,,15,1/12/23,"content marketing, advertising","Boca Raton, FL",Terra,Private,
Lattice,,15,1/12/23,"Enterprise applications, HR",San Francisco,Lattice CEO Jack Altman,Private,
Citrix Systems,,15,1/10/23,"Security, SaaS","Fort Lauderdale, FL",TechCrunch,Private,
WHOOP,,15,7/21/22,Fitness,Boston,Front Office Sports,Private,
Papa,,15,7/14/22,Elder Care,Miami,LinkedIn,Private,
Sundae,,15,6/28/22,"PropTech, Real Estate",San Francisco,Real Trends,Private,
TruePill,,15,6/8/22,Health Care,"Hayward, California",TruePill,Private,
Terminus,,15,5/27/22,Marketing,Atlanta,LinkedIn,Private,
Outside Inc,,15,5/20/22,Media/entertainment,Boulder,Denver Business Journal,Private,
Stream,20,15,6/30/22,Communications Infrastructure,Boulder,Pragmatic Engineer,Private,
Carbon Health,450,16,1/6/23,Health Care,San Francisco,Carbon Health CEO Eren Bali,Private,
Jam City,200,17,8/4/22,"Mobile Apps, Gaming",Culver City,VentureBeat,Private,
Next Insurance,150,17,7/7/22,InsurTech,Palo Alto,CTech,Private,
OwnBackup,170,17,11/15/22,"SaaS, enterprise software","Englewood Cliffs, NJ",Calcalistech,Private,
Everlane,30,17,1/5/23,"Fashion, e-commerce",San Francisco,The Information,Private,
Patreon,80,17,9/13/22,Social media,San Francisco,The Information,Private,
Recharge,84,17,10/27/22,Fintech,Los Angeles,Recharge CEO,Private,
Nextiva,,17,12/6/22,Customer service,Phoenix,Channel Futures,Private,
Grove Collaborative,,17,3/29/22,E-commerce,San Francisco,Retail Dive,Private,
Lithic,27,18,12/7/22,Fintech,New York,Axios,Private,
SQream Technologies,30,18,7/6/22,Data Analytics,New York,CTech,Private,
Emotive,30,18,7/7/22,SMS Marketing,Los Angeles,dot.LA,Private,
Amount,,18,6/27/22,FinTech,Chicago,TechCrunch,Private,
Ro,,18,6/23/22,Health Care,New York,TechCrunch,Private,
Socure,104,19,1/5/23,"cybsersecurity, predictive analytics","Incline Village, NV",Biometric Update,Private,
Postscript,43,19,6/26/22,"Marketing Tech, SMS Marketing",San Francisco,Alex Beller,Private,
Qumolo,80,19,6/29/22,Data storage,Seattle,GeekWire,Private,
OfferUp,,19,11/15/22,"E-commerce, marketplace","Bellevue, WA",GeekWire,Private,
Change.org,,19,7/28/22,CivicTech,San Francisco,Change.org,Private,
HomeLight,,19,6/29/22,"Proptech, Real Estate",San Francisco,The Real Deal,Private,
Homeward,120,20,8/11/22,"Real Estate, PropTech",Austin,The Real Deal,Private,
Turntide,130,20,7/28/22,"CleanTech, energy","Sunnyvale, CA",Business Insider,Private,
Flyhomes,150,20,7/20/22,"Real Estate, PropTech",Seattle,GeekWire,Private,
Curology,150,20,3/16/22,E-commerce,San Francisco,SF Business Times,Private,
MasterClass,156,20,6/22/22,Edtech,San Francisco,MasterClass CEO David Rogier,Private,
Lacework,200,20,5/26/22,Cybersecurity,San Jose,The Information,Private,
Equitybee,25,20,10/31/22,Fintech,San Francisco,Calcalistech,Private,
Airtable,254,20,12/8/22,"Data science, enterprise",San Francisco,Airtable,Private,
Plaid,260,20,12/7/22,Fintech,San Francisco,TechCrunch,Private,
Nate,30,20,8/30/22,E-commerce,New York,The Information,Private,"Nate reportedly had two layoffs. In June, the company laid of 30 people, or 20% of the company at the time."
Coterie Insurance,30,20,5/27/22,InsurTech,Cincinnati,CincyInno,Private,
Intrinsic,40,20,1/11/23,"robotics, AI","Mountain View, CA",This Information,Private,
Rhino,57,20,2/3/22,"PropTech, InsurTech",New York,The Real Deal,Private,
Flexport,640,20,1/11/23,shipping and logistics,San Francisco,CNBC,Private,
Redesign Health,67,20,10/10/22,health care,New York,Fast Company,Private,
Astronomer,76,20,1/4/23,"Data analytics, cloud services",Cincinnati,Astronomer,Private,
Calm,90,20,8/11/22,"personal health, wellness",San Francisco,Wall Street Journal,Private,
Shippo,,20,11/3/22,Logistics,San Francisco,Shippo CEO,Private,
Brightline,,20,11/1/22,Health care,"Palo Alto, CA",Behavioral Health Business,Private,
Scale,,20,1/9/23,"AI, image recognition",San Francisco,Scale,Private,
OpenSea,,20,7/14/22,"Crypto, NFT marketplace",New York,Devin Finzer,Private,
Buzzer,,20,6/20/22,"Media, Sports",New York,Sportico,Private,
Greenlight,104,21,1/12/23,"Fintech, banking",Atlanta,TechCrunch,Private,
Flipboard,24,21,10/16/22,News,"Palo Alto, CA",Axios,Private,
Advata,32,21,10/28/22,"health care, analytics","Bellevue, WA",GeekWire,Private,
Superhuman,23,22,6/3/22,Email Software,San Francisco,CEO Rahul Vohra,Private,
Exodus,59,22,11/4/22,"Cryptocurrency, blockchain","Nebraska City, NE",Exodus CEO,Private,
Tonkean,23,23,6/15/22,Software,San Francisco,The Marker,Private,
Lokalise,76,23,11/16/22,"Saas, APIs","Dover, DE",Lokalise founders,Private,
Karbon,,23,9/12/22,"Productivity, task management",San Francisco,"Stuart McLeod, CEO of Karbon",Private,
Loom,57,24,10/20/22,Enterprise Communication,San Francisco,SFGate,Private,
Cedar,,24,7/7/22,Health Care,New York,Business Insider,Private,
Hyperscience,100,25,3/3/22,AI,New York,The Information,Private,
Celsius,150,25,7/3/22,Crypto,"Hoboken, New Jersey",CTech,Private,
Baton,16,25,6/29/22,"Transporation, Logistics",San Francisco,Freight Waves,Private,
Policygenius,170,25,6/2/22,InsurTech,New York,TechCrunch,Private,
IRL,25,25,6/2/22,Social Media,San Francisco,TechCrunch,Private,
Vise,25,25,5/4/22,Fintech,New York,CityWire,Private,
Section4,32,25,5/12/22,Edtech,New York,TechCrunch,Private,
Capitolis,37,25,11/17/22,Fintech,New York,Calcalistech,Private,
On Deck,72,25,5/5/22,Business development,San Francisco,TechCrunch,Private,
Outschool,74,25,12/10/22,EdTech,San Francisco,TechCrunch,Private,"Outschool laid off 31 people, or 18% of the company, back in July. In December it laid off another 43 people, which amounted to 25% of the staff at the time."
OneTrust,950,25,6/9/22,Cybersecurity,Atlanta,OneTrust,Private,
OneStudyTeam,,25,12/6/22,"health care, cloud infrastructure",Boston,Mobi Health News,Private,
Homeward,,25,11/16/22,Proptech,"Austin, TX",Homeward,Private,
Medium,,25,9/6/22,Publishing,San Francisco,"Lauren Newton, Head of People at Medium",Private,
SafeGraph,27,25,6/27/22,"Artificial Intelligence, Machine Learning",San Francisco,SafeGraph,Private,
DataRobot,,26,8/23/22,"AI, enterprise software",Boston,The Information,Private,
EquityZen,30,27,10/31/22,Fintech,New York,Axios,Private,
Clear Capital,378,27,10/14/22,PropTech,"Truckee, CA",TechCrunch,Private,
Shelf Engine,43,29,7/29/22,"Food Tech, Software, Grocery Tech",Seattle,GeekWire,Private,
Veev,100,30,11/11/22,PropTech,San Mateo,Calcalistech,Private,
Pacaso,100,30,10/11/22,PropTech,San Francisco,Inman,Private,
Snappy,100,30,1/13/23,"social impact, company benefits",New York,Calcalistech,Private,
Kraken,1100,30,11/30/22,Cryptocurrency,San Francisco,Kraken,Private,
AtoB,32,30,10/19/22,FinTech,San Francisco,SFGate,Private,
Genesis,60,30,1/5/23,"Cryptocurrency, blockchain",New York,CNBC,Private,
Almanac,,30,8/13/22,"Collaboration, productivity",San Francisco,LinkedIn,Private,
SuperRare,,30,1/6/23,"Blockchain, cryptocurrency","Newark, DE",TechCrunch,Private,
Homie,162,32,10/4/22,PropTech,"South Jordan, Utah","TechCrunch, Crunchbase News reporting",Private,
Socure,173,32,1/5/23,Identity verification,Reno,Biometric Update,Private,
Bolt,250,33,5/25/22,FinTech,San Francisco,Fortune,Private,
Candy Digital,33,33,11/28/22,Cryptocurrency,New York,Decrypt,Private,
Ideoclick,40,33,5/4/22,E-commerce,Seattle,Puget Sound Business Journal,Private,
Brave Care,40,33,9/6/22,"Pediatrics, telehealth",Portland,The Oregonian,Private,
Tomo,44,33,5/31/22,"FinTech, PropTech",Stamford,Business Insider,Private,
MainStreet,50,33,5/4/22,Fintech,San Jose,Insider,Private,
Replicated,50,33,5/31/22,Enterprise Software,Los Angeles,Replicated,Private,
Hologram,80,33,6/9/22,IoT,Chicago,Crain's Chicago Business,Private,
Esper,,33,1/10/23,DevOps,Seattle,GeekWire,Private,
TruePill,,33,9/30/22,"pharmaceutical, health care","Hayward, CA",TechCrunch,Private,
Happy Money,158,34,11/30/22,"Fintech, payments",Los Angeles,LinkedIn reports,Private,
Tonal,262,35,7/13/22,Fitness,San Francisco,CNBC,Private,
Hydrow,70,35,7/21/22,Fitness,Boston,Boston Globe,Private,
Callisto Media,,35,10/25/22,Analytics,"Emeryville, California",Publishers Weekly,Private,
Lunchbox,,37,1/10/23,"Restaurant Tech, Food Tech",New York,Business Insider,Private,
Fabric,120,40,7/13/22,"E-commerce, Logistics",New York,TechCrunch,Private,
Rasa,59,40,4/4/22,Artificial Intelligence,San Francisco,Business Insider,Private,"Rasa was founded in Berlin but moved its headquarters to San Francisco in 2019. Layoffs affected employees in the U.S., Germany, and U.K. Layoffs affected around 40% of employees."
NCX,,40,11/28/22,"Renewable energy, forestry",San Francisco,NCX,Private,
Fundbox,150,42,10/25/22,Fintech,San Francisco,Calcalistech,Private,
Zeus Living,64,46,10/20/22,"Home decor, PropTech",San Francisco,San Francisco Business Journal,Private,
Knock,,46,3/15/22,Proptech,New York,The Real Deal,Private,
Ocavu,20,48,11/10/22,Cryptocurrency,"Lehi, UT",Salt Lake Tribune,Private,
Better.com,5000,50,4/19/22,Fintech,New York,TechCrunch,Private,
Virgin Hyperloop,111,50,2/22/22,Transporation,Los Angeles,Fortune,Private,
Notarize,170,50,10/31/22,Legal Tech,Boston,Boston Business Journal,Private,
Iron Ox,50,50,11/2/22,"AgTech, food and beverage",San Francisco,TechCrunch,Private,
BloomTech,88,50,12/1/22,Edtech,San Francisco,TechCrunch,Private,
Medly Pharmacy,,50,9/7/22,"Pharmacy, health care",New York,Crain's New York,Private,
Bizzabo,220,60,12/1/22,Virtual Event,New York,Calcalistech,Private,
Parler,60,75,1/10/23,Social media,"Nashville, TN",The Verge,Private,
Mojo Vision,,75,1/6/23,"AR, health care","Saratoga, CA",TechCrunch,Private,
Uniphore,76,76,1/3/23,"Artificial intelligence, machine learning","Palo Alto, CA",Outlook Start-Up,Private,
Butler Hospitality,1000,100,7/8/22,Hospitality,New York,TechCrunch,Private,
SummerBio,101,100,6/20/22,"Health Care, Diagnostics",Menlo Park,Bay Area Inno,Private,
Reali,140,100,8/24/22,PropTech,"San Mateo, CA",Calcalistech,Private,
Fast,400,100,4/5/22,Fintech,San Francisco,The Information,Private,
Protocol Media,60,100,11/15/22,"News, media",San Francisco,CNN,Private,
WanderJaunt,85,100,7/1/22,"PropTech, Real Estate",San Francisco,Short Term Rentalz,Private,
Wyre,,100,1/4/23,"Cryptocurrency, blockchain",San Francisco,Blockworks,Private,
Lantern,,100,1/6/23,"E-commerce, consumer lending","Grand Rapids, MI",Lantern CEO Meredith Mahoney,Private,
Lora DiCarlo Inc.,,100,12/2/22,"Wellness, consumer goods","Bend, OR",TechCrunch,Private,
Bitfront,,100,11/29/22,Cryptocurrency,"Palo Alto, CA",Reuters,Private,
Assure,,100,11/23/22,Fintech,Salt Lake City,Axios,Private,
GloriFi,,100,11/21/22,Fintech,Dallas,WSJ,Private,
Kite,,100,11/16/22,"AI, coding",San Francisco,Kite,Private,
Wavely,,100,11/10/22,"hiring, HR","Palo Alto, CA",Wavely,Private,
Fifth Season,,100,10/28/22,Vertical farming,Pittsburgh,Pittsburgh Business Journal,Private,
Argo AI,,100,10/26/22,Transportation,Pittsburgh,TechCrunch,Private,
CommonBond,,100,9/9/22,"FinTech, loan repayments",New York,"David Klein, CEO of CommonBond",Private,
The Wing,,100,8/31/22,Coworking,New York,The Information,Private,
Edmodo,,100,8/16/22,Edtech,"San Mateo, CA",EdSurge,Private,
Haus,,100,8/8/22,food and beverage,"Healdsburg, CA",TechCrunch,Private,
BlockFi,,100,11/28/22,Crypto,Jersey City,Decrypt,Private,
Pesto,,100,9/23/22,"IT, future of work",San Francisco,Pesto announcement,Private,
Kitty Hawk,,100,9/21/22,aerospace,Mountain View,CNBC,Private,
Subspace,,100,5/13/22,Media/entertainment,Los Angeles,LinkedIn,Private,
Halcyon Health,,100,4/15/22,Health Care,New York,Axios,Private,
Ahead,,100,4/14/22,Health Care,"Santa Clara, CA",Bloomberg,Private,
100 Thieves,12,,1/10/23,"eSports, Media",Los Angeles,Dexerto,Private,"More than a dozen employees were reportedly laid off in July. In January, the company laid off more employees."
Orbit,14,,8/12/22,Productivity software,San Francisco,Orbit CEO Patrick Woods,Private,Orbit CEO Patrick Woods announced at least 14 people have been laid off
Cybereason,100,,6/1/22,Cybersecurity,Boston,CTech,Private,"Affected employees are in U.S., Israel, and Europe."
Progrexion,100,,6/7/22,FinTech,Salt Lake City,Crunchbase News,Private,
Gem,100,,11/2/22,Recruiting,San Francisco,Gem CEO,Private,
Glossier,104,,8/2/22,Beauty,New York,Modern Retail,Private,
Stripe,1050,,11/3/22,Fintech,San Francisco,Bloomberg,Private,
Curative,109,,9/20/22,health diagnostics,Los Angeles,Digital Health,Private,
Noom,1095,,10/11/22,Fitness/Digital Health,New York,TechCrunch,Private,
Homepoint,113,,11/17/22,Proptech,"Greenville, SC",Phoenix Business Journal,Private,
Arc,13,,7/20/22,HR Tech,Mountain View,LinkedIn,Private,
ChowNow,140,,12/14/22,"Restaurant Tech, Food Tech","Playa Visa, California",Restaurant Business Online,Private,
Healthcare.com,149,,8/3/22,Insurtech,"Miami, FL",Miami Inno,Private,
Finite State,16,,6/17/22,Cybersecurity,Columbus,ColumbusInno,Private,
Rad Power Bikes,163,,7/21/22,Transporation,Seattle,GeekWire,Private,"First round of layoffs was in April, second round in July."
Cameo,167,,5/4/22,Media/entertainment,Chicago,The Information,Private,
Weedmaps,175,,12/6/22,"Marijuana, marketing","Irvine, CA",Business Insider,Private,
Orchard,180,,11/17/22,Proptech,New York,Inman,Private,
Clyde,19,,4/25/22,E-commerce,New York,External Spreadsheet,Private,
AvantStay,224,,11/9/22,Travel,Los Angeles,Skift,Private,
Booking.com,226,,11/1/22,"Travel, hotels","Grand Rapids, MI",Crain's Detroit Business,Private,
Aspire,23,,7/15/22,Marketing tech,San Francisco,Business Insider,Private,
Gopuff,2300,,10/21/22,E-commerce,Philadelphia,"Bloomberg, The Information",Private,"First round of layoffs was in January, second round was in March, third round was in July, and the fourth round was in October."
Eaze,25,,6/2/22,Cannabis,San Francisco,Business Insider,Private,
Nuro,310,,11/18/22,Transportation,Mountain View,The Robot Report,Private,
Citizen,33,,1/11/23,Surveillance,New York,TechCrunch,Private,
Balto,35,,12/12/22,"Artificial intelligence, machine learning",St. Louis,St. Louis Business Journal,Private,
Hopin,370,,7/11/22,Virtual Event,London,TechCrunch,Private,
Vial,40,,1/13/23,"health care, clinical trials",San Francisco,Business Insider,Private,
Wistia,40,,11/10/22,"Video production, marketing","Cambridge, MA",Wistia CEO,Private,
FreshDirect,40,,8/25/22,"Food delivery, ecommerce","The Bronx, NY",Philadelphia Business Journal,Private,
Adwerx,40,,7/12/22,Digital Marketing,"Durham, North Carolina",Inman,Private,
Community,40,,6/22/22,Social Media,Los Angeles,Business Insider,Private,
Esme Learning,40,,6/2/22,EdTech,"Newton, Massachusetts","Esme Learning, Crunchbase News reporting",Private,
Luxury Presence,44,,1/17/23,"proptech, advertising","Santa Monica, CA",Inman,Private,
Hubilo,45,,7/12/22,Virtual Events,San Francisco,Inc42,Private,
Olive,450,,7/19/22,Health Care,Columbus,Olive,Private,
Imperfect Foods,50,,8/1/22,"Grocery, e-commerce, delivery service",San Francisco,San Francisco Business Times,Private,
Tempo Automation,54,,8/17/22,automotive,San Francisco,San Francisco Business Times,Private,
Chili Piper,58,,11/17/22,"enterprise software, productivity",New York,Chili Piper,Private,
On Deck,73,,8/4/22,"Networking, business development",San Francisco,TechCrunch,Private,
Varo,75,,7/20/22,Fintech,San Francisco,Axios,Private,
Nylas,80,,8/2/22,"Software, Emails, API",San Francisco,Nylas,Private,
Career Karma,82,,1/12/23,"Career planning, social network",San Francisco,TechCrunch,Private,
Rev.com,85,,10/7/22,"Speech recognition, artificial intelligence",San Francisco,Austin American-Statesman,Private,
The Zebra,90,,11/15/22,"Insurance, fintech","Austin, TX",Coverager,Private,
Colossus,97,,5/20/22,"Solar, Software",Massachusetts,Axios,Private,
OnlyFans,,,8/1/22,"Social media, creator economy",London,Business Insider,Private,OnlyFans is based in the UK but has a sizeable workforce in the US
Talkdesk,,,5/19/22,Customer service,San Francisco,Confirmed by CB News from source,Private,Sources say hundreds of employees have been laid off
StubHub,,,8/4/22,"E-commerce, ticketing",San Francisco,StubHub on LinkedIn,Private,StubHub announced they would be letting go of the majority of their employees on a LinkedIn post
Cerebral,,,10/24/22,Health Care,San Francisco,Wall Street Journal,Private,The company previously laid off employees in May.
Elemy,,,12/5/22,Health Care,San Francisco,Behavioral Health Business,Private,The company previously laid off workers in July.
TikTok,,,7/18/22,Social Media,Los Angeles,Wired,Private,"TikTok is owned by China-based ByteDance, but the layoffs affected staff in the U.S."
RateGenius,,,1/17/23,"consumer lending, fintech","Austin, TX",AustinInno,Private,
GoCanvas,,,1/13/23,"productivity, enterprise software","Reston, VA",GoCanvas CEO Viyas Sundaram,Private,
CoSchedule,,,1/13/23,"productivity, marketing","Bismarck, ND",Inforum,Private,
Oyster,,,1/11/23,"human resources, SaaS","Charlotte, NC",Oyster,Private,
Embark,,,1/11/23,"Pet tech, health care",Boston,Embark CEP Ryan Boyko,Private,
Cart.com,,,1/10/23,"E-commerce, DTC","Austin, TX",AustinInno,Private,
CreateMe Technologies,,,1/6/23,"Product design, apparel","New City, NY",San Francisco Business Times,Private,
CareerArc,,,1/6/23,"Human resources, recruiting",Los Angeles,CareerArc,Private,
Autograph,,,12/16/22,"cryptocurrency, blockchain","Santa Monica, CA",Business Insider,Private,
Convene,,,12/10/22,"Proptech, hospitality",New York,Convene CEO Ryan Simonetti,Private,
Autobooks,,,12/10/22,"Fintech, payments",Detroit,Crain's Detroit Business,Private,
Zywave,,,12/7/22,"Insurtech, cloud computing",Milwaukee,Milwaukee Business Journal,Private,
CircleCI,,,12/7/22,"automation, IT",San Francisco,CircleCI,Private,
Route,,,12/5/22,"Retail, e-commerce","Lehi, UT",Salt Lake Tribune,Private,
Inspectify,,,11/28/22,Proptech,Seattle,Puget Sound Business Journal,Private,
Storyblocks,,,11/18/22,"Media, video editing","Washington, DC",Storyblocks CEO,Private,
Metaplex,,,11/18/22,Cryptocurrency,Chicago,AMBCrypto,Private,
Kandji,,,11/17/22,"IT, software",San Diego,LinkedIn reports,Private,
Reforge,,,11/10/22,HR Tech,San Francisco,Reforge CEO,Private,
Amobee,,,11/9/22,"Adtech, digital marketing","Redwood City, CA",Amobee,Private,
Domino Data Lab,,,11/7/22,"AI, big data",San Francisco,LinkedIn reports,Private,
Spreetail,,,10/27/22,"retail, e-commerce","Lincoln, NE",Spreetail CEO,Private,
TigerGraph,,,10/25/22,Analytics,"Redwood City, CA",Sources within the company,Private,
Clever Real Estate,,,10/19/22,PropTech,St. Louis,St. Louis Business Journal,Private,
Noodle,,,10/18/22,EdTech,New York,LinkedIn,Private,
Built In,,,10/5/22,Networking,Chicago,LinkedIn,Private,
Instacart,,,9/24/22,"delivery, e-commerce",San Francisco,The Information,Private,
DayTwo,,,9/15/22,"Health care, nutrition","Walnut Creek, CA",Calcalistech,Private,
WorkRamp,,,9/15/22,"Saas, enterprise software","San Carlos, CA",LinkedIn,Private,
Sundae,,,9/13/22,PropTech,San Francisco,Confirmed by CB News from sources,Private,
Sama,,,9/12/22,"AI, enterprise software",San Francisco,Sama,Private,
DreamBox Learning,,,9/9/22,EdTech,Seattle,Geekwire,Private,
FullStory,,,9/8/22,"SaaS, data",Atlanta,"Scott Voigt, CEO of FullStory",Private,
realtor.com,,,9/8/22,Proptech,"Santa Clara, CA",SFGate,Private,
Fungible,,,8/29/22,cryptocurrency,"Santa Clara, CA",Blocks & Files,Private,
Pix,,,8/24/22,Foodtech,"Napa, CA",San Francisco Chronicle,Private,
People.ai,,,7/26/22,"AI, Sales",San Francisco,LinkedIn,Private,
Capsule,,,7/21/22,Health Care,New York,Crain's New York,Private,
InVision,,,7/21/22,"Visual collaboration, Apps",New York,LinkedIn,Private,
Alto Pharmacy,,,7/14/22,Health Care,San Francisco,LinkedIn,Private,
Spring,,,7/13/22,E-commerce,San Francisco,Business Insider,Private,
Nextbite,,,7/8/22,"Restaurant Tech, Food Tech",Denver,Business Insider,Private,
LetsGetChecked,,,7/2/22,Health Care,New York,Business Post,Private,
Teleport,,,7/1/22,Cloud Infrastructure,Oakland,Teleport,Private,
Modsy,,,6/29/22,E-commerce,San Francisco,TechCrunch,Private,
Degreed,,,6/29/22,EdTech,"Pleasanton, CA",LinkedIn,Private,
Keepe,,,6/10/22,PropTech,Seattle,GeekWire,Private,
Liongard,,,6/10/22,IT Infrastructure,Houston,CRN,Private,
Deep Instinct,,,6/8/22,Cybersecurity,New York,Crunchbase News,Private,
ID.Me,,,6/7/22,Identity verification,"McLean, Virginia",Business Insider,Private,
Clubhouse,,,6/3/22,"Social Media, Audio",San Francisco,Bloomberg,Private,
Zwift,,,5/12/22,Fitness,Long Beach,DC Rainmaker,Private,
Tripwire,,,5/12/22,Security,Portland,OregonLive,Private,
Mural,,,5/6/22,Product Design,San Francisco,Protocol,Private,
Thrasio,,,5/2/22,E-commerce,"Walpole, MA",Insider,Private,
Workrise,,,4/5/22,Marketplace,"Austin, TX",TechCrunch,Private,
F5,100,1,10/21/22,"SaaS, enterprise software",Seattle,GeekWire,Public,
Affirm,,1,11/3/22,"Fintech, loans",San Francisco,The Information,Public,
Freshworks,90,2,12/15/22,"CRM, IT","San Mateo, CA",Inc42,Public,
Coursera,32,3,11/9/22,Edtech,"Mountain View, CA",Coursera CEO,Public,
Outbrain,38,3,7/26/22,Digital Marketing,New York,CTech,Public,
WalkMe,43,3,1/8/23,"edtech, product management",San Francisco,Calcalistech,Public,
Amdocs,700,3,1/2/23,"CRM, enterprise software","Chesterfield, MO",Calcalistech,Public,
Nutanix,270,4,8/10/22,"data center, enterprise software",San Jose,SFGate,Public,
Varonis Systems,110,5,11/6/22,Cybersecurity,New York,Calcalistech,Public,"Half of its layoffs happened at its R&D center in Israel, per reports. Layoffs affected 5% of employees."
Amazon,18000,5,1/5/23,"E-commerce, SaaS",Seattle,Wall Street Journal,Public,
Zillow,300,5,10/26/22,PropTech,Seattle,TechCrunch,Public,
Zendesk,350,5,11/7/22,"Enterprise software, customer service",San Francisco,SFGate,Public,
Cisco,4100,5,11/16/22,"enterprise software, SaaS","San Jose, CA",Silicon Valley Business Journal,Public,
TechTarget,60,5,12/8/22,Marketing,"Newton, MA",MarketWatch,Public,
BlackLine,95,5,12/8/22,Enterprise Software,Los Angeles,Seeking Alpha,Public,
Sweetgreen,,5,8/9/22,"food and beverage, restaurants","Washington, DC",CNBC,Public,
Taboola,100,6,9/13/22,Content marketing,New York,Calcalistech,Public,
Spotify,588,6,1/24/23,Music,"Stockholm, Sweden",TechCrunch,Public,
DoorDash,1250,6,11/30/22,"Food delivery, ecommerce",San Francisco,Reuters,Public,
Latch,30,6,5/13/22,"Smart Home, Security",New York,TechCrunch,Public,
Teladoc Health,300,6,1/18/23,"health care, telehealth","Purchase, NY",Digital Health,Public,
Definitive Healthcare,55,6,1/12/23,"Health care, analytics","Framingham, MA",CMLVIZ,Public,
Rivian,840,6,7/28/22,"electric vehicle, transportation","Irvine, CA",CNN,Public,
Vimeo,,6,1/4/23,Media/entertainment,New York,Vimeo,Public,
nCino,100,7,1/18/23,"Fintech, software","Wilmington, NC",Port City Daily,Public,
8x8,155,7,1/18/23,"telecommunications, enterprise software","San Jose, CA",Channel Futures,Public,
Roku,200,7,11/17/22,"media, streaming","Los Gatos, CA",Variety,Public,
Informatica,450,7,1/10/23,"Big data, cloud computing","Redwood City, CA",Channel Futures,Public,
BigBear.ai,,7,9/8/22,"data analytics, national defense","Columbia, MD",Baltimore Business Journal,Public,
Unity,509,8,1/17/23,Video Games,San Francisco,WSJ,Public,
Asana,180,9,11/15/22,"collaboration, enterprise software",San Francisco,Asana COO,Public,
Pear Therapeutics,25,9,7/25/22,"Software, Biotech",Boston,MassDevice,Public,
DocuSign,,9,9/28/22,e-signature,San Francisco,CNBC,Public,
ForeScout Technologies,100,10,1/10/23,"cybersecurity, cloud services","San Jose, CA",Calcalistech,Public,
Shopify,1000,10,7/26/22,E-commerce,"Ottawa, Canada",WSJ,Public,
Similarweb,120,10,11/16/22,"AI, analytics",New York,Globes,Public,
iRobot,140,10,8/5/22,"artificial intelligence, robotics","Bedford, MA",Geekwire,Public,
Blend,200,10,4/19/22,Fintech,San Francisco,HousingWire,Public,
Skillz,70,10,5/20/22,Esports/Video Games,San Francisco,TechCrunch,Public,
Beachbody,70,10,1/27/22,Fitness,"Santa Monica, CA",Club Industry,Public,
Zulily,99,10,5/16/22,E-commerce,Seattle,GeekWire,Public,
Compass,,10,1/5/23,PropTech,New York,Bloomberg,Public,
SoundHound,,10,1/5/23,Conversational AI,"Santa Clara, CA",SoundHound,Public,
Blue Apron,,10,12/8/22,"Grocery, e-commerce, delivery service",New York,Blue Apron,Public,
Core Scientific,,10,8/12/22,"Blockchain, cryptocurrency",Austin,Blockworks,Public,
Kaltura,75,11,1/4/23,"Developer APIs, enterprise software",New York,Globes,Public,
Twilio,800,11,9/14/22,Enterprise Software,San Francisco,TechCrunch,Public,
Zuora,,11,12/6/22,Cloud Infrastructure,"San Mateo, CA",MarketWatch,Public,
BuzzFeed,180,12,12/6/22,"Media, news",New York,Variety,Public,
AppLovin,300,12,6/29/22,"Mobile Apps, Developer Tools",Palo Alto,Silicon Valley Business Journal,Public,
DesktopMetal,,12,6/13/22,3D Printing,"Burlington, Massachusetts",MarketWatch,Public,
Meta,11000,13,11/9/22,Social media,"Menlo Park, CA",CNBC,Public,
Integral Ad Science,120,13,12/7/22,"Data science, enterprise",New York,Integral Ad Science,Public,
BigCommerce,,13,12/15/22,"Enterprise software, e-commerce","Austin, TX",MarketWatch,Public,
Elastic,,13,11/30/22,"analytics, SaaS",San Francisco,Elastic,Public,
Lending Club,225,14,1/12/23,"Fintech, banking",San Francisco,Bloomberg,Public,
Edgio,95,14,12/13/22,"Cloud computing, web hosting","Tempe, AZ",Edgio,Public,
Life360,,14,1/12/23,mobile apps,San Francisco,Life360 statement,Public,
Groupon,500,15,8/8/22,"ecommerce, retail",Chicago,TechCrunch,Public,
Lyft,760,15,11/3/22,Transportation,San Francisco,WSJ,Public,
Baakt,,15,12/8/22,Cryptocurrency,"Alpharetta, GA",Baakt,Public,
ThredUp,,15,8/15/22,"E-commerce, fashion","Oakland, CA",Retail Dive,Public,
Limeade,,15,1/11/23,"Employee Benefits, HR Tech","Bellevue, WA",GeekWire,Public,
GoodRx,140,16,8/31/22,"Health care, pharmaceuticals",Los Angeles,Seeking Alpha,Public,
Astra,,16,11/8/22,"aerospace, space","Alameda, CA",Astra CEO,Public,
Enjoy,400,18,6/30/22,"E-commerce, Delivery",Palo Alto,Bloomberg,Public,
Opendoor,550,18,11/2/22,Proptech,San Francisco,Opendoor CEO,Public,
Redfin,1332,19,11/9/22,PropTech,Seattle,Bloomberg,Public,
Snap,1280,20,8/31/22,Social media,"Venice, CA",The Verge,Public,
Pluralsight,400,20,12/12/22,"EdTech, IT","Draper, UT",Pluralsight,Public,
Metromile,60,20,7/29/22,"Insurtech, transportation",San Francisco,Crunchbase,Public,
GoHealth,800,20,8/11/22,"health care, health insurance",Chicago,Chicago Sun Times,Public,
Sezzle,,20,3/10/22,Fintech,Minneapolis,Reuters,Public,
Pagaya,,20,1/18/23,"Fintech, AI",New York,Reuters,Public,
2U,,20,8/1/22,Edtech,"Hyattsville, MD",Inside Higher Ed,Public,
Leafly,56,21,10/18/22,Cannabis,Seattle,Leafly,Public,
Sonder,,21,6/10/22,Hospitality,San Francisco,MarketWatch,Public,
Bird,138,23,6/7/22,Transporation,Santa Monica,TechCrunch,Public,
Rent the Runway,,24,9/12/22,"e-commerce, retail",New York,Wall Street Journal,Public,
TuSimple,350,25,12/21/22,"electric vehicle, transportation",San Diego,TechCrunch,Public,
Qualtrics,,25,1/11/23,"SaaS, enterprise software","Provo, UT",MarketWatch,Public,
PayPal,83,27,5/23/22,Fintech,San Jose,The Information,Public,
Blend,,28,1/10/23,"Fintech, proptech",San Francisco,Inman,Public,
Juul,400,30,11/10/22,"consumer goods, vape pens",San Francisco,CNBC,Public,
Akili Interactive Labs,46,30,1/12/23,Health care,Boston,Behavioral Health Business,Public,
Robinhood,1013,33,8/2/22,Fintech,Menlo Park,Robinhood,Public,
Playtika,250,33,5/31/22,Gaming,Tel Aviv,Globes,Public,"Closing studios in London, Montreal, and Los Angeles. Layoffs affected around 33% of employees."
Vroom,647,33,8/8/22,"Auto, E-commerce",New York,Automotive News,Public,
Stitch Fix,,35,1/5/23,"Ecommerce, Fashion",San Francisco,CNBC,Public,
Latch,115,37,8/2/22,PropTech,"New York, NY",Latch,Public,
Sema4,750,39,11/14/22,"AI, health care","Stamford, CT",MarketWatch,Public,
Root Insurance,467,40,11/9/22,InsurTech,Columbus,Columbus Dispatch,Public,
Coinbase,2110,43,1/10/23,Crypto,San Francisco,CNBC,Public,
Volta Charging,,54,10/21/22,"Automotive, electric vehicles",San Francisco,Volta,Public,
Twitter,3740,70,1/5/23,Social Media,San Francisco,The Information,Public,
Starry,,74,1/18/23,"WiFi, hardware",Boston,SEC filings,Public,
RingCentral,80,,1/17/23,"SaaS, meeting software","Belmont, CA",Barron's,Public,
Carvana,4000,,1/13/23,"Automotive, Ecommerce",Tempe,WSJ,Public,
Adobe,100,,12/6/22,"Marketing, software, SaaS","San Jose, CA",Bloomberg,Public,
Invitae,1000,,7/18/22,"Health Care, Biotech",San Francisco,GenomeWeb,Public,
Microsoft,10000,,1/18/23,Enterprise Software,Seattle,Microsoft,Public,
Alphabet,12000,,1/20/23,"Big tech, internet services","Mountain View, CA",CNBC,Public,
Qualcomm,153,,12/22/22,"Telecommunication, wireless",San Diego,San Diego Union-Tribune,Public,
Okta,24,,8/26/22,"Enterprise software, Management information systems",San Francisco,Unleash,Public,
Beyond Meat,240,,10/14/22,Foodtech,"Manhattan Beach, CA",CNBC,Public,
WeWork,300,,1/19/23,"Real Estate, PropTech",New York,WeWork,Public,
Peloton,4084,,10/6/22,Fitness,New York,CNBC,Public,"Peloton previously laid off 3,584 in February"
UiPath,451,,11/15/22,Artificial Intelligence,New York,MarketWatch,Public,
Netflix,480,,9/14/22,Media/entertainment,Los Gatos,Deadline,Public,
Cue,558,,1/5/23,Health Care,San Diego,360dx,Public,
Warby Parker,63,,8/8/22,"Ecommerce, Fashion",New York City,Insider,Public,
HashiCorp,69,,1/11/23,"cybersecurity, cloud infrastructure",San Francisco,Crunchbase News Reporting,Public,
Quanergy Systems,72,,12/14/22,Autonomous vehicles,"Sunnyvale, CA",Silicon Valley Business Journal,Public,
Doma,825,,12/6/22,"Insurtech, machine learning",San Francsico,Doma,Public,The company previously laid off workers in May.
Wayfair,870,,8/19/22,"E-commerce, retail",Boston,Boston Globe,Public,
Salesforce,9090,,1/4/23,"enterprise tech, analytics",San Francisco,New York Times,Public,
Oracle,,,8/1/22,"SaaS, enterprise software",Austin,The Information,Public,The Information reported thousands of people would be laid off
LivePerson,,,9/15/22,Customer service,New York,LinkedIn,Public,
Skillz,,,8/29/22,"Mobile Apps, Gaming",San Francisco,Seeking Alpha,Public,
Blueboard,,,11/3/22,Enterprise Software,San Francisco,LinkedIn reports,Private,